feature,clinical_domain,train_smd,train_fdr,train_abs_smd,train_differential_supported,test_smd,test_fdr,test_abs_smd,same_effect_direction
GCS_last,Neurological,-0.958434019281065,6.132619340012657e-128,0.958434019281065,True,-1.0711096877753492,1.1019077374226004e-79,1.0711096877753492,True
GCS_median,Neurological,-0.7801151412209799,1.46594284487676e-93,0.7801151412209799,True,-0.8886130157516676,6.180880046880206e-61,0.8886130157516676,True
GCS_mean,Neurological,-0.7376629302379599,3.338369423303455e-84,0.7376629302379599,True,-0.839252572602224,2.8802545237962622e-55,0.839252572602224,True
GCS_max,Neurological,-0.7077541748887906,2.460690464285912e-70,0.7077541748887906,True,-0.7921459518703698,1.797323366917688e-44,0.7921459518703698,True
BUN_last,Renal,0.618343022832786,6.1539920675239295e-59,0.618343022832786,True,0.5270108907144306,6.109967023622573e-23,0.5270108907144306,True
BUN_mean,Renal,0.5704491870266521,1.1334651594067783e-51,0.5704491870266521,True,0.5028529635842515,2.546970729337263e-21,0.5028529635842515,True
BUN_min,Renal,0.5727155370134831,3.267638573503371e-51,0.5727155370134831,True,0.5179120521882756,3.2392111455447523e-22,0.5179120521882756,True
BUN_median,Renal,0.5631524454507951,9.624145431345929e-51,0.5631524454507951,True,0.5055187879355572,1.5955320061085676e-21,0.5055187879355572,True
BUN_max,Renal,0.5598062459134443,1.195920515586957e-50,0.5598062459134443,True,0.4781604626486203,9.612148676946726e-20,0.4781604626486203,True
n_unique_parameters,Measurement / missingness,0.48913999182614426,1.3226770271153793e-50,0.48913999182614426,True,0.48948663081063043,4.937383937389625e-26,0.48948663081063043,True
Urine_last,Renal,-0.4206462089975607,8.165413794240567e-48,0.4206462089975607,True,-0.4402795011467474,8.615385916463577e-30,0.4402795011467474,True
FiO2_count,Respiratory,0.46827917101042993,1.1741739280605503e-43,0.46827917101042993,True,0.4729889455629121,3.6143814617904264e-23,0.4729889455629121,True
BUN_first,Renal,0.5000422166262223,1.3716772219795487e-41,0.5000422166262223,True,0.4459276459378463,1.2340333932902142e-17,0.4459276459378463,True
MechVent_count,Respiratory,0.46134004299090003,1.1520647843238323e-40,0.46134004299090003,True,0.4989861392831016,8.82815775694517e-25,0.4989861392831016,True
HCO3_last,Metabolic,-0.4806341377639555,1.1791409434169193e-39,0.4806341377639555,True,-0.46843969854460604,2.561536469186923e-20,0.46843969854460604,True
Na_count,Metabolic,0.465554618970517,4.2520015267313125e-37,0.465554618970517,True,0.406901291685861,5.441886929573881e-16,0.406901291685861,True
Glucose_count,Metabolic,0.4448650820173861,2.087255611455859e-34,0.4448650820173861,True,0.3699816117108095,5.461032324918775e-14,0.3699816117108095,True
Lactate_missing,Metabolic,-0.389920075380479,2.1944456157558136e-33,0.389920075380479,True,-0.4173249133167239,6.671627886984157e-20,0.4173249133167239,True
Urine_mean,Renal,-0.4121598420525257,2.906580474311968e-33,0.4121598420525257,True,-0.5261786840309141,3.954250835236672e-37,0.5261786840309141,True
static_Age,Static / demographic,0.3895007421271482,6.420192368212919e-33,0.3895007421271482,True,0.35750325408127753,7.687119494623322e-15,0.35750325408127753,True
K_count,Metabolic,0.4254909860984612,1.5622000736315652e-32,0.4254909860984612,True,0.35710491024439245,3.364259415451459e-13,0.35710491024439245,True
HCO3_min,Metabolic,-0.4145924629220574,2.845470706352416e-30,0.4145924629220574,True,-0.3900107821965553,8.514634729468418e-15,0.3900107821965553,True
PaCO2_missing,Respiratory,-0.3341239403919275,1.560760954128121e-28,0.3341239403919275,True,-0.31423143354076977,2.5892801118552867e-13,0.31423143354076977,True
PaO2_missing,Respiratory,-0.3315015966359014,4.574989419355884e-28,0.3315015966359014,True,-0.3198547157792095,8.898896330056744e-14,0.3198547157792095,True
HCO3_mean,Metabolic,-0.3935009288413536,1.423211553989817e-27,0.3935009288413536,True,-0.36851028222398813,2.2503096103274906e-13,0.36851028222398813,True
HCO3_median,Metabolic,-0.39018130972665027,3.720107962407117e-27,0.39018130972665027,True,-0.35941278188672326,8.495110039368287e-13,0.35941278188672326,True
pH_missing,Metabolic,-0.32505127714189563,4.4019754031128036e-27,0.32505127714189563,True,-0.3190753686770952,8.898896330056744e-14,0.3190753686770952,True
HCO3_count,Metabolic,0.39633605402534905,5.480295617298967e-27,0.39633605402534905,True,0.3186138029525182,2.1519557928485074e-10,0.3186138029525182,True
FiO2_missing,Respiratory,-0.3342674980314499,8.495913276517355e-27,0.3342674980314499,True,-0.3340354237788416,4.626652773183684e-14,0.3340354237788416,True
Urine_std,Renal,-0.3424007011000148,2.9089106488396906e-26,0.3424007011000148,True,-0.3568357956169636,3.0177633556821112e-15,0.3568357956169636,True
Urine_min,Renal,-0.25165340950558635,4.4636940335569604e-26,0.25165340950558635,True,-0.2574250296561054,3.0177633556821112e-15,0.2574250296561054,True
Lactate_count,Metabolic,0.3924883644986756,1.1897638342425319e-25,0.3924883644986756,True,0.39474751721281787,7.658448014191307e-14,0.39474751721281787,True
Urine_median,Renal,-0.3420294017494436,3.572165083346604e-25,0.3420294017494436,True,-0.4596623713345806,5.882129399968339e-33,0.4596623713345806,True
BUN_count,Renal,0.37253644717575346,4.07010776903452e-24,0.37253644717575346,True,0.3045916693579031,1.3209787694338526e-09,0.3045916693579031,True
Creatinine_count,Renal,0.36889287961932304,8.035133121587597e-24,0.36889287961932304,True,0.30534849856238416,1.1655813072437443e-09,0.30534849856238416,True
GCS_min,Neurological,-0.3153113162783576,3.156302946035061e-23,0.3153113162783576,True,-0.3806408716645193,8.140517229542845e-18,0.3806408716645193,True
Mg_count,Metabolic,0.3446195699392164,5.522196347902125e-22,0.3446195699392164,True,0.31250668646021434,3.14624762296043e-10,0.31250668646021434,True
Urine_max,Renal,-0.3137735122731774,5.4222555640035956e-21,0.3137735122731774,True,-0.32633868583263975,2.3538641192227305e-12,0.32633868583263975,True
Creatinine_last,Renal,0.325579806458154,1.7096969196292922e-20,0.325579806458154,True,0.25044753421060956,2.7733494023042476e-07,0.25044753421060956,True
Lactate_last,Metabolic,0.3830450538645792,6.946294244554077e-20,0.3830450538645792,True,0.35899992014580356,1.1655813072437443e-09,0.35899992014580356,True
Lactate_mean,Metabolic,0.365472488534543,3.8694177709867843e-19,0.365472488534543,True,0.32927553545545035,6.167387070307661e-09,0.32927553545545035,True
HCO3_max,Metabolic,-0.31942362857330625,4.073372129776127e-19,0.31942362857330625,True,-0.3150131546844116,3.277308072098887e-10,0.3150131546844116,True
Lactate_max,Metabolic,0.35278526356797585,1.4714164364232044e-18,0.35278526356797585,True,0.3061894872640902,4.862303518313314e-08,0.3061894872640902,True
Creatinine_max,Renal,0.29986194913175385,2.094098371343891e-18,0.29986194913175385,True,0.23033546168767802,1.8081704176215077e-06,0.23033546168767802,True
Lactate_median,Metabolic,0.3541522750252364,4.565600296207339e-18,0.3541522750252364,True,0.32336180776750967,1.1490499693564887e-08,0.32336180776750967,True
Creatinine_mean,Renal,0.29302033647357933,1.6095767201192222e-17,0.29302033647357933,True,0.22834574481468078,2.727816078720489e-06,0.22834574481468078,True
HR_max,Cardiovascular,0.29576479313958,5.566876602444719e-17,0.29576479313958,True,0.3192162782150807,1.2027456807303277e-10,0.3192162782150807,True
PaO2_first,Respiratory,-0.2784604007348636,6.894865018006189e-17,0.2784604007348636,True,-0.2898157776399595,1.0076773631693121e-09,0.2898157776399595,True
Creatinine_median,Renal,0.28674339828614326,7.560988381936499e-17,0.28674339828614326,True,0.22600436734744014,3.3308140805157962e-06,0.22600436734744014,True
PaO2_mean,Respiratory,-0.27538728476276536,9.18773103777423e-17,0.27538728476276536,True,-0.2795372253860444,2.999128876147396e-09,0.2795372253860444,True
Urine_total,Renal,-0.321982777631669,1.0417203914009806e-16,0.321982777631669,True,-0.4476138980412257,3.9192877030877626e-19,0.4476138980412257,True
PaO2_median,Respiratory,-0.26707436605028084,2.26847852126185e-16,0.26707436605028084,True,-0.24878711946195922,6.616733710639962e-08,0.24878711946195922,True
Creatinine_min,Renal,0.2814573856479548,3.430367933373476e-16,0.2814573856479548,True,0.22354052800528304,5.608969954256008e-06,0.22354052800528304,True
Glucose_max,Metabolic,0.28228733043934356,7.644268920978598e-16,0.28228733043934356,True,0.22666205118621283,4.534627355247156e-06,0.22666205118621283,True
PaO2_std,Respiratory,-0.2667411652299099,1.3521736612419232e-15,0.2667411652299099,True,-0.26101566574674123,3.675738784684043e-08,0.26101566574674123,True
n_rows_total,Measurement / missingness,0.2750040806112182,1.8302416659835124e-15,0.2750040806112182,True,0.28539887481290255,1.4029245572381966e-08,0.28539887481290255,True
n_valid_values,Measurement / missingness,0.2744478564918391,2.01593596587124e-15,0.2744478564918391,True,0.284474221732888,1.5293377136330765e-08,0.284474221732888,True
MechVent_missing,Respiratory,-0.2522975139442775,4.028128639589009e-15,0.2522975139442775,True,-0.269194060762972,3.4148350349003753e-09,0.269194060762972,True
Lactate_min,Metabolic,0.3163287533125959,4.8945236608415425e-15,0.3163287533125959,True,0.30510123545687146,3.86010332230595e-08,0.30510123545687146,True
Mg_last,Metabolic,0.26196254063247787,2.3976670243521225e-14,0.26196254063247787,True,0.09919729130012118,0.022506492006956518,0.09919729130012118,True
Glucose_mean,Metabolic,0.26132759210244333,4.3310870965013604e-14,0.26132759210244333,True,0.24044168567180182,1.0069202464101996e-06,0.24044168567180182,True
HR_std,Cardiovascular,0.26236541767918187,9.688867714756606e-14,0.26236541767918187,True,0.29279256355336514,9.488301759427478e-09,0.29279256355336514,True
NIMAP_last,Cardiovascular,-0.25656489984062797,1.1348124455002433e-13,0.25656489984062797,True,-0.2094142773740261,2.109132493777387e-05,0.2094142773740261,True
Creatinine_first,Renal,0.24782955350366387,1.190397029187845e-13,0.24782955350366387,True,0.1932844432391594,6.29016664800943e-05,0.1932844432391594,True
Lactate_first,Metabolic,0.29143826371193404,1.3170864716591512e-13,0.29143826371193404,True,0.254528125104039,2.4410390282700393e-06,0.254528125104039,True
Glucose_median,Metabolic,0.2544405558377624,2.871427421036208e-13,0.2544405558377624,True,0.26601955545216505,1.0682956247305423e-07,0.26601955545216505,True
PaO2_count,Respiratory,0.24670303863011683,6.32084046452395e-13,0.24670303863011683,True,0.23822532892573806,2.255096506100682e-06,0.23822532892573806,True
PaCO2_count,Respiratory,0.24549696116433864,7.832770077806866e-13,0.24549696116433864,True,0.2347570095338277,3.133113309998815e-06,0.2347570095338277,True
Urine_first,Renal,-0.22007291992739642,8.668956348688836e-13,0.22007291992739642,True,-0.2187107463057368,1.5504178864888213e-06,0.2187107463057368,True
Glucose_last,Metabolic,0.24597461054859515,1.1374717349607332e-12,0.24597461054859515,True,0.25786018350327083,4.581946330291543e-07,0.25786018350327083,True
NIMAP_min,Cardiovascular,-0.24542369034902667,1.4751188944929094e-12,0.24542369034902667,True,-0.1778566244015901,0.0003292101613003644,0.1778566244015901,True
NIDiasABP_last,Cardiovascular,-0.24021547860662948,2.1777388175600234e-12,0.24021547860662948,True,-0.16940727013747545,0.000438138004251287,0.16940727013747545,True
WBC_count,Hematologic,0.2561793654020105,2.4418480400057755e-12,0.2561793654020105,True,0.2114739266765325,2.40328479268124e-05,0.2114739266765325,True
HCO3_first,Metabolic,-0.23964690919789952,1.5965069231012405e-11,0.23964690919789952,True,-0.22457384441346095,6.413336036819742e-06,0.22457384441346095,True
PaCO2_min,Respiratory,-0.23099553475751997,9.930043133982315e-11,0.23099553475751997,True,-0.20413349896992813,6.963645208964488e-05,0.20413349896992813,True
SysABP_min,Cardiovascular,-0.2240536844717449,1.273470352609492e-10,0.2240536844717449,True,-0.26318035480788426,1.5771495694532967e-07,0.26318035480788426,True
WBC_last,Hematologic,0.23850248960407153,1.520385921511414e-10,0.23850248960407153,True,0.19914393423268012,0.0009502287961623516,0.19914393423268012,True
DiasABP_min,Cardiovascular,-0.21958356704004048,1.8347675392379748e-10,0.21958356704004048,True,-0.2568517910219701,2.6386508984821606e-07,0.2568517910219701,True
NISysABP_min,Cardiovascular,-0.21677271299676568,2.323193787730173e-10,0.21677271299676568,True,-0.10989171557715559,0.026620587295817042,0.10989171557715559,True
NIDiasABP_min,Cardiovascular,-0.21263271349319207,4.49041886263213e-10,0.21263271349319207,True,-0.15499213867605202,0.0013923946359723851,0.15499213867605202,True
PaCO2_median,Respiratory,-0.22511782145605702,4.682244598089889e-10,0.22511782145605702,True,-0.16379183392648697,0.0017535964020552,0.16379183392648697,True
HR_count,Cardiovascular,0.21472691649357717,4.682244598089889e-10,0.21472691649357717,True,0.20517236136938788,4.770591855060318e-05,0.20517236136938788,True
PaO2_max,Respiratory,-0.20644159124687808,5.855735978164586e-10,0.20644159124687808,True,-0.21125461138864662,8.896419678839101e-06,0.21125461138864662,True
MAP_min,Cardiovascular,-0.21020021535898004,6.609359216040752e-10,0.21020021535898004,True,-0.15438438579946992,0.002076886195442493,0.15438438579946992,True
static_ICUType,Static / demographic,0.2002344595866423,6.609359216040752e-10,0.2002344595866423,True,0.2538537620083452,2.3991027558863933e-08,0.2538537620083452,True
pH_count,Metabolic,0.20896175148101892,7.25172334028461e-10,0.20896175148101892,True,0.1972873716861454,7.298983160807516e-05,0.1972873716861454,True
Creatinine_std,Renal,0.20264483263464225,9.303054953594448e-10,0.20264483263464225,True,0.14050195038629387,0.0022190730022947362,0.14050195038629387,True
HR_mean,Cardiovascular,0.21453571825903492,9.995578520377656e-10,0.21453571825903492,True,0.20829796984018614,2.0762621786207824e-05,0.20829796984018614,True
Glucose_std,Metabolic,0.20181378250389517,2.7624684727682396e-09,0.20181378250389517,True,0.14986774435380434,0.0022190730022947362,0.14986774435380434,True
Platelets_count,Hematologic,0.2062418032182753,1.644178122207571e-08,0.2062418032182753,True,0.149124813134864,0.00311158531133364,0.149124813134864,True
PaCO2_mean,Respiratory,-0.20178988586258553,2.2640952202484988e-08,0.20178988586258553,True,-0.12900349106484063,0.014286304358381437,0.12900349106484063,True
GCS_std,Neurological,-0.18585040018229845,6.985328070279877e-10,0.18585040018229845,False,-0.1730119639519673,6.548520131400082e-05,0.1730119639519673,True
Glucose_missing,Metabolic,-0.1519244113315564,2.404068963759583e-09,0.1519244113315564,False,-0.14830429508414728,5.280524866730598e-05,0.14830429508414728,True
NIDiasABP_mean,Cardiovascular,-0.19900294144608316,2.9558898277734243e-09,0.19900294144608316,False,-0.13509140676891587,0.005360876465389535,0.13509140676891587,True
WBC_missing,Hematologic,-0.14145167903194958,3.094962556955254e-09,0.14145167903194958,False,-0.1351708695410922,0.00018555136395636876,0.1351708695410922,True
NIMAP_mean,Cardiovascular,-0.19712225800580058,5.699501107564317e-09,0.19712225800580058,False,-0.13297952754605188,0.007069170784721275,0.13297952754605188,True
NIDiasABP_median,Cardiovascular,-0.19473252307674996,6.522607108972299e-09,0.19473252307674996,False,-0.14412183616002547,0.003132327895656063,0.14412183616002547,True
BUN_std,Renal,0.19847453939852752,7.169436469278735e-09,0.19847453939852752,False,0.10204218650190941,0.03549013176299364,0.10204218650190941,True
NISysABP_last,Cardiovascular,-0.18996606593835225,3.404183225913971e-08,0.18996606593835225,False,-0.1829730347405052,0.00021119023851108598,0.1829730347405052,True
NIMAP_median,Cardiovascular,-0.18608400777663803,3.587118315823116e-08,0.18608400777663803,False,-0.14442618404493285,0.0035090076960668944,0.14442618404493285,True
HR_median,Cardiovascular,0.19298531936818328,3.7626945098620035e-08,0.19298531936818328,False,0.18417893629560822,0.00016930060229749594,0.18417893629560822,True
Mg_median,Metabolic,0.18627570567832027,3.7626945098620035e-08,0.18627570567832027,False,0.03528291113286421,0.47771171179969824,0.03528291113286421,True
Platelets_missing,Hematologic,-0.13276267923293872,4.2439814312411746e-08,0.13276267923293872,False,-0.12369058412369593,0.000823347259246912,0.12369058412369593,True
FiO2_std,Respiratory,-0.179449652625052,6.40709992732653e-08,0.179449652625052,False,-0.17937754158864672,0.0001514594250882333,0.17937754158864672,True
Mg_mean,Metabolic,0.18174092313582704,8.359055413327749e-08,0.18174092313582704,False,0.034743232824515614,0.5367534558669367,0.034743232824515614,True
Na_max,Metabolic,0.196516492596511,9.430587116866444e-08,0.196516492596511,False,0.2521987050627698,1.8732620136099993e-06,0.2521987050627698,True
NISysABP_std,Cardiovascular,0.18264295947749967,1.1904128022004158e-07,0.18264295947749967,False,0.07649030980501115,0.1052231093922416,0.07649030980501115,True
FiO2_median,Respiratory,0.19245078971720705,1.2192497077144936e-07,0.19245078971720705,False,0.19870919412999538,0.00015605728118584086,0.19870919412999538,True
HR_first,Cardiovascular,0.18389337019511268,1.702874480761202e-07,0.18389337019511268,False,0.20493510852741867,4.1202995664370114e-05,0.20493510852741867,True
DiasABP_count,Cardiovascular,0.17352132287283842,1.8223898680027535e-07,0.17352132287283842,False,0.18212099275828325,0.0001531779309329584,0.18212099275828325,True
SysABP_count,Cardiovascular,0.1734289530303168,1.8311073702392583e-07,0.1734289530303168,False,0.18198649738896353,0.00015369042083374055,0.18198649738896353,True
static_Weight,Static / demographic,-0.17337518162306262,1.84578962693184e-07,0.17337518162306262,False,-0.22103758646189944,2.3545897483863626e-06,0.22103758646189944,True
HCT_missing,Hematologic,-0.12674190789398193,2.2131756167090512e-07,0.12674190789398193,False,-0.11971564564878229,0.0013178589020431677,0.11971564564878229,True
Na_last,Metabolic,0.1875951050724962,3.097271327122933e-07,0.1875951050724962,False,0.2408625857981049,3.1840406351337787e-06,0.2408625857981049,True
HCO3_missing,Metabolic,-0.12724267204851739,3.895138710274338e-07,0.12724267204851739,False,-0.15049809577893727,7.959207541340614e-06,0.15049809577893727,True
Temp_median,Other,-0.18330852580440354,3.9421491747474405e-07,0.18330852580440354,False,-0.17638111909086937,0.0006106446321977227,0.17638111909086937,True
WBC_median,Hematologic,0.18112326380001184,4.0617331512144605e-07,0.18112326380001184,False,0.17248730314447644,0.003996736221122972,0.17248730314447644,True
BUN_missing,Renal,-0.12261682475651738,6.504933592427897e-07,0.12261682475651738,False,-0.13730715330481494,6.716500285772549e-05,0.13730715330481494,True
Creatinine_missing,Renal,-0.12261682475651738,6.504933592427897e-07,0.12261682475651738,False,-0.13730715330481494,6.716500285772549e-05,0.13730715330481494,True
NIMAP_std,Cardiovascular,0.17382589341271318,6.85916138161948e-07,0.17382589341271318,False,0.14867175173133643,0.0022190730022947362,0.14867175173133643,True
MAP_count,Cardiovascular,0.16469931678848398,7.320560884183495e-07,0.16469931678848398,False,0.17125296968869155,0.00037001739179408783,0.17125296968869155,True
FiO2_min,Respiratory,0.18275686327196156,7.805646976471288e-07,0.18275686327196156,False,0.17500771441282784,0.0008965895988433453,0.17500771441282784,True
Mg_missing,Metabolic,-0.12948604171265327,1.0800196901824855e-06,0.12948604171265327,False,-0.1511183666353907,5.2923763338048344e-05,0.1511183666353907,True
PaCO2_last,Respiratory,-0.17757900495127169,1.1463645779120115e-06,0.17757900495127169,False,-0.1952352596690419,0.00016210983198158295,0.1952352596690419,True
K_missing,Metabolic,-0.1242926134027195,2.673962580489318e-06,0.1242926134027195,False,-0.14607825474407182,4.202779080180605e-05,0.14607825474407182,True
Na_missing,Metabolic,-0.11639274124190344,8.255640810384361e-06,0.11639274124190344,False,-0.13517021115520106,0.00018555136395636876,0.13517021115520106,True
WBC_min,Hematologic,0.1608667220559078,8.374408821325773e-06,0.1608667220559078,False,0.1549601027321345,0.010075210158836828,0.1549601027321345,True
FiO2_mean,Respiratory,0.1607255188224551,1.1363141077479686e-05,0.1607255188224551,False,0.14542927029085648,0.005366064862960788,0.14542927029085648,True
NISysABP_mean,Cardiovascular,-0.14905627886887032,1.3231032129680482e-05,0.14905627886887032,False,-0.07316707637248253,0.13825852889499646,0.07316707637248253,True
Na_std,Metabolic,0.1483224282401473,1.5681550351784688e-05,0.1483224282401473,False,0.13511332821375358,0.007254984960154794,0.13511332821375358,True
SysABP_std,Cardiovascular,0.14704779844458854,2.1763267589117688e-05,0.14704779844458854,False,0.24882885975150149,1.7675086302336354e-06,0.24882885975150149,True
MAP_last,Cardiovascular,-0.14062027981811198,2.621006546567991e-05,0.14062027981811198,False,-0.05731900436585643,0.2581052455772828,0.05731900436585643,True
DiasABP_missing,Cardiovascular,-0.13530078014222927,3.094714702235444e-05,0.13530078014222927,False,-0.13004789352651838,0.005190757220427759,0.13004789352651838,True
SysABP_missing,Cardiovascular,-0.13530078014222927,3.094714702235444e-05,0.13530078014222927,False,-0.12940971672598223,0.005366064862960788,0.12940971672598223,True
Temp_mean,Other,-0.14889444277804284,3.45432096675354e-05,0.14889444277804284,False,-0.14557577519224324,0.004270162073326602,0.14557577519224324,True
Glucose_first,Metabolic,0.1417729965708415,3.881517044503077e-05,0.1417729965708415,False,0.1406862186074715,0.0045333841360687376,0.1406862186074715,True
HR_last,Cardiovascular,0.14799688024450797,4.46330396011258e-05,0.14799688024450797,False,0.12535875258524035,0.014937307737283936,0.12535875258524035,True
K_max,Metabolic,0.13674940956414822,4.463821243437878e-05,0.13674940956414822,False,0.09837962578210874,0.04849561061426255,0.09837962578210874,True
DiasABP_mean,Cardiovascular,-0.1397480230569066,4.6725066204693445e-05,0.1397480230569066,False,-0.09626694437108294,0.0542631557413229,0.09626694437108294,True
MAP_missing,Cardiovascular,-0.13193700930520902,4.834225456966847e-05,0.13193700930520902,False,-0.12466608984780675,0.007381595854855903,0.12466608984780675,True
NIDiasABP_std,Cardiovascular,0.13660083644731838,9.08444344182345e-05,0.13660083644731838,False,0.14087685905685796,0.0045333841360687376,0.14087685905685796,True
NISysABP_median,Cardiovascular,-0.13465924409345317,9.186788062737348e-05,0.13465924409345317,False,-0.0820802044228374,0.09491863127371936,0.0820802044228374,True
FiO2_last,Respiratory,0.14053143385806327,0.00010489555909362101,0.14053143385806327,False,0.15014472211639768,0.004003473235505526,0.15014472211639768,True
GCS_count,Neurological,0.1318510543682823,0.00016604787542544885,0.1318510543682823,False,0.17847766177828936,0.00039985133840000426,0.17847766177828936,True
DiasABP_last,Cardiovascular,-0.12717002890925067,0.00019996567125178178,0.12717002890925067,False,-0.13830668120596185,0.003187676227589901,0.13830668120596185,True
Mg_max,Metabolic,0.13696116501266886,0.00024199874891735033,0.13696116501266886,False,0.03703819658050903,0.5367534558669367,0.03703819658050903,True
DiasABP_median,Cardiovascular,-0.1232170691884777,0.00033558920982621203,0.1232170691884777,False,-0.0772138650859549,0.1228853183245234,0.0772138650859549,True
K_min,Metabolic,-0.12118081747699196,0.0003985634449236822,0.12118081747699196,False,-0.11576817694079314,0.020726472321333702,0.11576817694079314,True
WBC_first,Hematologic,0.11921989030963996,0.0003985634449236822,0.11921989030963996,False,0.1568684926336963,0.008007281493228295,0.1568684926336963,True
SysABP_mean,Cardiovascular,-0.12118853277708266,0.0005409344554671518,0.12118853277708266,False,-0.09694940601188745,0.06007387765523505,0.09694940601188745,True
DiasABP_first,Cardiovascular,-0.12374861914757944,0.0005458486744562998,0.12374861914757944,False,-0.18413972688835206,0.00039985133840000426,0.18413972688835206,True
PaO2_min,Respiratory,-0.11999340526950718,0.000561334735808972,0.11999340526950718,False,-0.16614538159623018,0.0005740957211530925,0.16614538159623018,True
K_std,Metabolic,0.10675171923799112,0.0009084981296766459,0.10675171923799112,False,0.08871497391579901,0.06278200318339146,0.08871497391579901,True
SysABP_last,Cardiovascular,-0.11542015090467916,0.0009177652481912713,0.11542015090467916,False,-0.0945616600382892,0.057889964413347025,0.0945616600382892,True
MAP_median,Cardiovascular,-0.1094489511740515,0.0011707836498533611,0.1094489511740515,False,0.010528983242394716,0.846265939075892,0.010528983242394716,False
SysABP_median,Cardiovascular,-0.11295110368640612,0.0012157895151383583,0.11295110368640612,False,-0.07665722170772438,0.13819035429779614,0.07665722170772438,True
Na_mean,Metabolic,0.11453629489264798,0.001852816353304696,0.11453629489264798,False,0.17886385741306016,0.0005954352236588329,0.17886385741306016,True
GCS_first,Neurological,-0.1027814766025389,0.0018691099537009905,0.1027814766025389,False,-0.10164000714178144,0.027867959760899137,0.10164000714178144,True
MAP_mean,Cardiovascular,-0.1055738732237518,0.0018717055724356466,0.1055738732237518,False,0.028393571047278587,0.5974985863347286,0.028393571047278587,False
HCO3_std,Metabolic,0.10649345301453451,0.0020951982145213668,0.10649345301453451,False,0.09748306318828931,0.045267541510789586,0.09748306318828931,True
WBC_mean,Hematologic,0.07007095058091774,0.0022063619073669303,0.07007095058091774,False,0.17445583685992805,0.0036074085175232516,0.17445583685992805,True
Na_median,Metabolic,0.11054657510660741,0.002604683232609371,0.11054657510660741,False,0.17319757284442225,0.0008965895988433453,0.17319757284442225,True
Mg_min,Metabolic,0.10416886947406526,0.0028717462973329925,0.10416886947406526,False,-0.02331499928223995,0.6487939647829463,0.02331499928223995,False
Platelets_min,Hematologic,-0.10296426292470029,0.002940774168987859,0.10296426292470029,False,-0.04550763506285584,0.3899315221231684,0.04550763506285584,True
DiasABP_std,Cardiovascular,0.10109136620034874,0.003619684098023668,0.10109136620034874,False,0.21392713448612763,5.513091818174341e-05,0.21392713448612763,True
MAP_std,Cardiovascular,0.10153755061702403,0.004538656418343436,0.10153755061702403,False,0.23539747703930217,1.178972159487112e-05,0.23539747703930217,True
Platelets_last,Hematologic,-0.09553293432875597,0.00559336776630014,0.09553293432875597,False,-0.0288089134293407,0.5974985863347286,0.0288089134293407,True
SysABP_first,Cardiovascular,-0.09764029617133281,0.007237033233316255,0.09764029617133281,False,-0.16720945015615366,0.0015899476728117687,0.16720945015615366,True
Temp_count,Measurement / missingness,-0.08695926566744597,0.007688537904845204,0.08695926566744597,False,-0.09396999190739408,0.04765434842189235,0.09396999190739408,True
PaCO2_std,Respiratory,0.09867645820316616,0.007910409367444637,0.09867645820316616,False,0.17372609417419788,0.001530529243424474,0.17372609417419788,True
static_Height,Static / demographic,-0.07523048797391256,0.009700756128427928,0.07523048797391256,False,-0.09392955960254001,0.032954196420154555,0.09392955960254001,True
pH_min,Metabolic,-0.047430156293179516,0.009700756128427928,0.047430156293179516,False,-0.060783606494407755,0.025949779575139234,0.060783606494407755,True
Platelets_mean,Hematologic,-0.08697917029818114,0.01262807197030898,0.08697917029818114,False,-0.013730054091934143,0.8023668624560271,0.013730054091934143,True
PaCO2_first,Respiratory,-0.08974233224800647,0.013171546674734028,0.08974233224800647,False,-0.02937387768687604,0.6063649711318732,0.02937387768687604,True
K_last,Metabolic,0.08674605155713472,0.014031663569950482,0.08674605155713472,False,0.10848510623021271,0.03658063596124198,0.10848510623021271,True
Platelets_median,Hematologic,-0.08488628038269201,0.01533425618443235,0.08488628038269201,False,-0.018649342902400175,0.7343932440314239,0.018649342902400175,True
pH_last,Metabolic,-0.03900884241886113,0.030719658932273936,0.03900884241886113,False,-0.05261952702919719,0.05401295763428452,0.05261952702919719,True
HCT_std,Hematologic,0.07038424054720036,0.044566191755068096,0.07038424054720036,False,0.08200614919578254,0.10454249833388954,0.08200614919578254,True
Mg_first,Metabolic,0.07782716121942247,0.045489815162340914,0.07782716121942247,False,-0.06936680877426814,0.07659892798163145,0.06936680877426814,False
HCT_count,Hematologic,0.0681352998196899,0.05615973806637552,0.0681352998196899,False,0.04402921597256991,0.39803218111861866,0.04402921597256991,True
Urine_count,Renal,-0.062047570381221814,0.06055285444990555,0.062047570381221814,False,-0.08074919441099394,0.08517994968081166,0.08074919441099394,True
NIDiasABP_first,Cardiovascular,-0.06511587880083451,0.06095917559948494,0.06511587880083451,False,-0.05079777479021966,0.31733400444732196,0.05079777479021966,True
HCT_last,Hematologic,0.06325463723706093,0.061638489745115876,0.06325463723706093,False,0.12193896384791603,0.011083206692308735,0.12193896384791603,True
Platelets_max,Hematologic,-0.06557162075145022,0.06190186933017057,0.06557162075145022,False,0.031165679396488573,0.5692053833332407,0.031165679396488573,False
Temp_std,Other,0.06534493878846648,0.07203936833712256,0.06534493878846648,False,0.08944110559621511,0.082483006860571,0.08944110559621511,True
Platelets_first,Hematologic,-0.062281273553357,0.07546928026815186,0.062281273553357,False,0.044095196189266786,0.4057627149023727,0.044095196189266786,False
NIDiasABP_max,Cardiovascular,-0.0576252140033686,0.09491024208346967,0.0576252140033686,False,-0.039684555290034174,0.4239425309882768,0.039684555290034174,True
NIMAP_max,Cardiovascular,-0.05620654779605686,0.10590580759603564,0.05620654779605686,False,-0.023406122025006356,0.6476135677568279,0.023406122025006356,True
Temp_last,Other,-0.058865635711137565,0.10805938714150122,0.058865635711137565,False,-0.05835204015953345,0.33312137096847605,0.05835204015953345,True
PaCO2_max,Respiratory,-0.05889043952636832,0.1136270771636422,0.05889043952636832,False,0.031925177055801085,0.5804054933957864,0.031925177055801085,False
NIMAP_first,Cardiovascular,-0.05497347444049933,0.11731335916523421,0.05497347444049933,False,-0.021327412760457083,0.6842929636513172,0.021327412760457083,True
Temp_max,Other,0.0564416753702599,0.1293906380527954,0.0564416753702599,False,0.10113191150323221,0.04849561061426255,0.10113191150323221,True
NISysABP_first,Cardiovascular,-0.050053698697986405,0.15931702600089998,0.050053698697986405,False,0.0040167252662202555,0.9373586236168532,0.0040167252662202555,False
K_mean,Metabolic,0.048104928522658755,0.18102623418445232,0.048104928522658755,False,0.010224659310072937,0.8491242056057108,0.010224659310072937,True
K_median,Metabolic,0.04805409607006046,0.1827091829150846,0.04805409607006046,False,0.016348734063457583,0.7645307877848122,0.016348734063457583,True
static_Gender,Static / demographic,-0.04602199762370558,0.185326130071542,0.04602199762370558,False,-0.10525768483022435,0.02883186749307083,0.10525768483022435,True
Urine_missing,Renal,0.04693985363244443,0.1966745103238615,0.04693985363244443,False,0.08503765491103563,0.10354679166427895,0.08503765491103563,True
NIMAP_missing,Cardiovascular,-0.04301201100899649,0.20730936269846198,0.04301201100899649,False,-0.07720410486977065,0.09918718565179631,0.07720410486977065,True
Platelets_std,Hematologic,0.04137942187077793,0.2411307273231355,0.04137942187077793,False,0.13622982677154458,0.008915083802593407,0.13622982677154458,True
Temp_min,Other,-0.04108242580735181,0.24150537275110426,0.04108242580735181,False,-0.06339569059467365,0.220466642471936,0.06339569059467365,True
NISysABP_missing,Cardiovascular,-0.03960917382454665,0.24776532992020958,0.03960917382454665,False,-0.06805560829279682,0.14730445347561136,0.06805560829279682,True
NIDiasABP_missing,Cardiovascular,-0.03800175555917767,0.26944752842207126,0.03800175555917767,False,-0.07635132640513295,0.1030586541700506,0.07635132640513295,True
HR_min,Cardiovascular,0.038663151339959206,0.30958323790077236,0.038663151339959206,False,0.01844986206376296,0.7359803834866956,0.01844986206376296,True
Temp_first,Other,-0.037849306791917295,0.31178424255791315,0.037849306791917295,False,0.051139971371790584,0.23468252488482033,0.051139971371790584,False
HCT_max,Hematologic,0.03396577938011679,0.34602573695914557,0.03396577938011679,False,0.094058127805812,0.05710002714493617,0.094058127805812,True
DiasABP_max,Cardiovascular,-0.032619972257551276,0.375282239240295,0.032619972257551276,False,0.0813477972202297,0.12137302058579655,0.0813477972202297,False
pH_std,Metabolic,0.039148007273261405,0.38339073870768664,0.039148007273261405,False,-0.06390395681607414,0.01791968010137236,0.06390395681607414,False
PaO2_last,Respiratory,0.03299689122247629,0.38411371362471275,0.03299689122247629,False,-0.02442278613473095,0.6470156759166756,0.02442278613473095,False
FiO2_max,Respiratory,0.029672182465963842,0.41905136281254934,0.029672182465963842,False,0.0060351858404343265,0.9115145238218979,0.0060351858404343265,True
FiO2_first,Respiratory,-0.02677907515610577,0.47189104244822316,0.02677907515610577,False,-0.047851669800658095,0.3526863849421047,0.047851669800658095,True
pH_mean,Metabolic,0.03133673390259753,0.47594718967347704,0.03133673390259753,False,-0.055503553377938615,0.04178614040950196,0.055503553377938615,False
pH_max,Metabolic,0.02964799229947967,0.5035720395536069,0.02964799229947967,False,-0.07176272912728965,0.007123267798361527,0.07176272912728965,False
HCT_min,Hematologic,-0.01956486488257098,0.6041542548823644,0.01956486488257098,False,0.02014748039312525,0.6928679140057268,0.02014748039312525,False
K_first,Metabolic,-0.01947479952832975,0.6042437994995934,0.01947479952832975,False,-0.005018527079784615,0.9249364030374974,0.005018527079784615,True
MAP_max,Cardiovascular,0.019487818582610276,0.6129432227466437,0.019487818582610276,False,0.16661720319263437,0.0013923946359723851,0.16661720319263437,True
WBC_std,Hematologic,-0.009490621777569793,0.6337979942259806,0.009490621777569793,False,0.16543768450929403,0.0022190730022947362,0.16543768450929403,False
MAP_first,Cardiovascular,-0.017185260730874976,0.6745005009156161,0.017185260730874976,False,0.06704036585369502,0.22340684148990428,0.06704036585369502,False
n_missing_minus1_values,Measurement / missingness,0.015237607377684453,0.6760398208411457,0.015237607377684453,False,0.09321366734815686,0.03925318221707957,0.09321366734815686,True
NISysABP_max,Cardiovascular,-0.014196287440559544,0.7215561887310767,0.014196287440559544,False,0.006353351115967923,0.9070993530666213,0.006353351115967923,False
Glucose_min,Metabolic,-0.011835251274350185,0.7751681968336643,0.011835251274350185,False,0.025058403673968745,0.6470156759166756,0.025058403673968745,False
Mg_std,Metabolic,0.01088927553771589,0.8087334593079564,0.01088927553771589,False,0.015545492955297766,0.8023668624560271,0.015545492955297766,True
NIDiasABP_count,Cardiovascular,-0.008850100472226712,0.8348061954276162,0.008850100472226712,False,0.003145283352153853,0.9487444578794267,0.003145283352153853,False
NISysABP_count,Cardiovascular,-0.008564194066975945,0.8349657973221011,0.008564194066975945,False,0.0028246835540911342,0.9503562207729341,0.0028246835540911342,False
HCT_mean,Hematologic,0.00850103126802124,0.8349657973221011,0.00850103126802124,False,0.048332461842712504,0.33312137096847605,0.048332461842712504,True
HCT_median,Hematologic,0.008285562009407877,0.8371713508282499,0.008285562009407877,False,0.03794049915454322,0.44733554983363305,0.03794049915454322,True
Na_min,Metabolic,0.006753332795766359,0.877315880945726,0.006753332795766359,False,0.07600737260012487,0.1427946488284791,0.07600737260012487,True
GCS_missing,Neurological,-0.006136693312419874,0.877315880945726,0.006136693312419874,False,0.049891271385320145,0.3479547685472601,0.049891271385320145,False
Temp_missing,Measurement / missingness,-0.006136693312419874,0.877315880945726,0.006136693312419874,False,0.049891271385320145,0.3479547685472601,0.049891271385320145,False
Na_first,Metabolic,0.006422394153410983,0.8790528236223701,0.006422394153410983,False,0.06356293951618942,0.23446064334878944,0.06356293951618942,True
NIMAP_count,Cardiovascular,-0.0049417636020449825,0.8982374392783139,0.0049417636020449825,False,0.011601283263034216,0.8267792424244534,0.011601283263034216,False
HR_missing,Cardiovascular,-0.0049361482315821,0.8982374392783139,0.0049361482315821,False,0.04989186117411176,0.3479547685472601,0.04989186117411176,False
HCT_first,Hematologic,0.004663430726159776,0.901671707926213,0.004663430726159776,False,0.04385762375747573,0.3770577876342911,0.04385762375747573,True
pH_median,Metabolic,0.003618531531388774,0.9177996179549764,0.003618531531388774,False,-0.049618814091655736,0.06888814706185489,0.049618814091655736,False
pH_first,Metabolic,0.001511796361021522,0.9731214440243856,0.001511796361021522,False,-0.06274808146246612,0.019071692871625506,0.06274808146246612,False
SysABP_max,Cardiovascular,0.0005581401013703267,0.991139424516618,0.0005581401013703267,False,0.07028892795347154,0.18461761409730174,0.07028892795347154,True
WBC_max,Hematologic,7.852763200869927e-05,0.9963752930618779,7.852763200869927e-05,False,0.19085931793883545,0.0013226333719330483,0.19085931793883545,True
MechVent_first,Respiratory,,,,False,,,,
MechVent_last,Respiratory,,,,False,,,,
MechVent_max,Respiratory,,,,False,,,,
MechVent_mean,Respiratory,,,,False,,,,
MechVent_median,Respiratory,,,,False,,,,
MechVent_min,Respiratory,,,,False,,,,
MechVent_std,Respiratory,,,,False,,,,
